cmpl-4da0b250-7fab-4021-bdd2-2f8b10116979,text_completion,1694599151,/models/llama-2-7b-chat.bin,"[{'text': "" The general category of this article is not specified in the input text. If you could provide more context or information about the topic being discussed, I would be happy to assist you further. Please let me know if there's anything else I can help you with."", 'index': 0, 'logprobs': None, 'finish_reason': 'stop'}]","{'prompt_tokens': 318, 'completion_tokens': 53, 'total_tokens': 371}"
cmpl-3d4e2a50-a1cf-4306-b015-094699f99482,text_completion,1694599162,/models/llama-2-7b-chat.bin,"[{'text': ' Sentiment: Neutral \nGeneral Category: Economy \nTopics: \n1. Intense economic distress in North Sudan \n2. Military actions taken by Khartoum leading up to independence for South Sudan \n3. Worst elements being fully in charge \n4. High inflation rates and low foreign exchange reserves \n5. Debt of over $38 billion dragging the economy downwards', 'index': 0, 'logprobs': None, 'finish_reason': 'stop'}]","{'prompt_tokens': 341, 'completion_tokens': 95, 'total_tokens': 436}"
cmpl-f160695d-76fa-4e38-93b0-045501bfc1c6,text_completion,1694599184,/models/llama-2-7b-chat.bin,"[{'text': ' The general category of this article is Technology. The main topic within that category is Innovation. The associated sentiment for that topic might be Positive because it discusses a new technological innovation being welcomed by Secretary-General Ban Ki-moon. Another possible main topic within the Technology category could be Sustainability, as this article also mentions humanitarian assistance and peacekeeping missions in Sudan.', 'index': 0, 'logprobs': None, 'finish_reason': 'stop'}]","{'prompt_tokens': 359, 'completion_tokens': 88, 'total_tokens': 447}"
cmpl-e2779be6-04de-48c6-a5df-6d5ce617cee2,text_completion,1694599205,/models/llama-2-7b-chat.bin,"[{'text': ' The general category of this article could be ""Health"" or ""Politics"".', 'index': 0, 'logprobs': None, 'finish_reason': 'stop'}]","{'prompt_tokens': 268, 'completion_tokens': 18, 'total_tokens': 286}"
cmpl-0af99397-fb42-4d5e-8f32-342f1832be63,text_completion,1694599211,/models/llama-2-7b-chat.bin,"[{'text': ' The main topic within this category will be ""Technology"" which has a positive sentiment associated with it as discussed in the article summary.', 'index': 0, 'logprobs': None, 'finish_reason': 'stop'}]","{'prompt_tokens': 317, 'completion_tokens': 28, 'total_tokens': 345}"
cmpl-43b4d627-538c-47b8-aa71-e03d49422b88,text_completion,1694599220,/models/llama-2-7b-chat.bin,"[{'text': "" [Neutral], 'Food' , 'Salad', 'Avocado', 'Olive Oil'"", 'index': 0, 'logprobs': None, 'finish_reason': 'stop'}]","{'prompt_tokens': 378, 'completion_tokens': 25, 'total_tokens': 403}"
cmpl-b9004a1f-f151-4300-acaf-4d9e91f7b550,text_completion,1694599228,/models/llama-2-7b-chat.bin,"[{'text': "" The general category of the article is Health. The main topic within this category is Violence in Sudan, particularly in Abyei, Blue Nile and Southern Kordofan, where there have been ethnically targeted attacks and resistance against the government's disarmament of rebels. \nThe sentiment associated with this article could be negative or neutral depending on how one views violence in a conflict zone. However, it does provide some context to recent events and highlights"", 'index': 0, 'logprobs': None, 'finish_reason': 'length'}]","{'prompt_tokens': 281, 'completion_tokens': 100, 'total_tokens': 381}"
cmpl-88451048-33bf-41bd-b6ce-7eb3ff3c9822,text_completion,1694599248,/models/llama-2-7b-chat.bin,"[{'text': "" The general category of the article is 'Food'. The main topic within this category is the Independence Day celebrations in South Sudan, which affects over 10 airlines and trade between Uganda and South Sudan. The closure of Juba Airport during these celebrations has a negative impact on the affected individuals and businesses who rely on air travel for their livelihoods or trade."", 'index': 0, 'logprobs': None, 'finish_reason': 'stop'}]","{'prompt_tokens': 281, 'completion_tokens': 83, 'total_tokens': 364}"
cmpl-8c95db43-c184-405f-a2d8-d26f0279d13f,text_completion,1694599264,/models/llama-2-7b-chat.bin,"[{'text': "" The general category of this article could be 'Current Events' or 'Politics'. Within that category, some main topics discussed in the article are 1) South Sudan secession from Sudan (Positive), 2) President Salva Kiir Mayardit and his new government (Neutral), and 3) Abyei and Southern Kordofan (Negative)."", 'index': 0, 'logprobs': None, 'finish_reason': 'stop'}]","{'prompt_tokens': 257, 'completion_tokens': 84, 'total_tokens': 341}"
cmpl-e0d9c8a1-c345-4dde-8cda-c3e1ef0f4be2,text_completion,1694599280,/models/llama-2-7b-chat.bin,"[{'text': "" The general category of the article is 'Food'. The main topics within this category are rice production in India which is discussed in a positive manner, while the topic of food waste in developed countries is mentioned but not given enough detail for a full response."", 'index': 0, 'logprobs': None, 'finish_reason': 'stop'}]","{'prompt_tokens': 298, 'completion_tokens': 51, 'total_tokens': 349}"
cmpl-c6bac574-c737-46e5-95fa-46187aae4dad,text_completion,1694599292,/models/llama-2-7b-chat.bin,"[{'text': ' The general category of this article is Health. The main topics within this category are as follows: 1) Vaccine Efficacy - Neutral; 2) Immunization Programs - Positive; and 3) Medical Advancement - Positive.', 'index': 0, 'logprobs': None, 'finish_reason': 'stop'}]","{'prompt_tokens': 348, 'completion_tokens': 57, 'total_tokens': 405}"
cmpl-0e7c4e41-76c2-4bc9-806b-df78c926024f,text_completion,1694599305,/models/llama-2-7b-chat.bin,"[{'text': ' - Sentiment: Neutral\n - General Category: Politics\n - Topic1: Classification of hotels in Juba\n- Topic2: Assessment by government agencies\n- Topic3: International standards for hygiene\n- Topic4: Hotels charging high fees risk downgrade\n- Topic5: Professionalism among service providers\n- Topic6: Degree of privacy\n- Topic7: Sew', 'index': 0, 'logprobs': None, 'finish_reason': 'length'}]","{'prompt_tokens': 356, 'completion_tokens': 100, 'total_tokens': 456}"
cmpl-4ab37c1b-5aa1-490a-a78c-e02a00818831,text_completion,1694599325,/models/llama-2-7b-chat.bin,"[{'text': ' This article is not within my area of expertise or interest, as it relates to politics and diplomacy. However, I can help you find information on other topics related to health, technology, and sustainability if necessary. Would you like me to search for that type of information?', 'index': 0, 'logprobs': None, 'finish_reason': 'stop'}]","{'prompt_tokens': 295, 'completion_tokens': 59, 'total_tokens': 354}"
cmpl-a3c9a98d-b854-4c46-8652-1f81e100847a,text_completion,1694599336,/models/llama-2-7b-chat.bin,"[{'text': ' The general category of this article is ""Politics"", and the main topic within that category is ""Independence"" with associated sentiments of ""Excitement"" and ""Optimism"".', 'index': 0, 'logprobs': None, 'finish_reason': 'stop'}]","{'prompt_tokens': 234, 'completion_tokens': 42, 'total_tokens': 276}"
cmpl-51a8cc00-5229-42af-b253-99d7a26c97ab,text_completion,1694599346,/models/llama-2-7b-chat.bin,"[{'text': ""['Positive', 'Food', 'Healthy eating habits'],"", 'index': 0, 'logprobs': None, 'finish_reason': 'stop'}]","{'prompt_tokens': 271, 'completion_tokens': 17, 'total_tokens': 288}"
cmpl-e0dd46f8-15e4-4f5f-b2d3-fcc5529f0c40,text_completion,1694599352,/models/llama-2-7b-chat.bin,"[{'text': "" The general category of this article is Food. The main topics mentioned in the article include preparations for South Sudan's independence, the United Nations' preparations, a new UN mission set to replace UNMIS, concerns about difficult conditions facing southerners in the north, hotspots in South Sudan where inter-communal violence and ethnic clashes are taking place. The associated sentiment is Neutral because there is no positive or negative information provided about these topics within the"", 'index': 0, 'logprobs': None, 'finish_reason': 'length'}]","{'prompt_tokens': 336, 'completion_tokens': 100, 'total_tokens': 436}"
cmpl-ae860e91-5f1a-4490-ade5-c3451307614a,text_completion,1694599376,/models/llama-2-7b-chat.bin,"[{'text': "" ['Neutral','News', 'U.S. officials issue warning about stability of South Sudan and North Sudan', \n'Unresolved issues between two states threaten future relationships', \n'U.S. delegation to celebrate independence of South Sudan with high-powered officials such as Susan Rice', \n'Rice stresses that Sudan will not be removed from terrorism list until all provisions of CPA are fulfilled']"", 'index': 0, 'logprobs': None, 'finish_reason': 'stop'}]","{'prompt_tokens': 364, 'completion_tokens': 98, 'total_tokens': 462}"
cmpl-d797aa4a-7e77-4f09-9285-6d294a67af23,text_completion,1694599398,/models/llama-2-7b-chat.bin,"[{'text': ' [Positive] Sudan oil conflict-related issues must be addressed for peaceful resolution.', 'index': 0, 'logprobs': None, 'finish_reason': 'stop'}]","{'prompt_tokens': 341, 'completion_tokens': 19, 'total_tokens': 360}"
cmpl-44e5d9ed-03d5-451c-b9aa-91a6990df964,text_completion,1694599405,/models/llama-2-7b-chat.bin,"[{'text': ' The general category of this article is Technology and the main topic within it is Artificial Intelligence (AI) and Machine Learning (ML).', 'index': 0, 'logprobs': None, 'finish_reason': 'stop'}]","{'prompt_tokens': 236, 'completion_tokens': 29, 'total_tokens': 265}"
cmpl-ae174b97-069c-4e42-8c1b-e9ed956dbc23,text_completion,1694599412,/models/llama-2-7b-chat.bin,"[{'text': ' Neutral, Technology, Machine Learning, Innovative AI, Healthcare, Artificial Intelligence, Sensor Technology, Wireless Monitoring.', 'index': 0, 'logprobs': None, 'finish_reason': 'stop'}]","{'prompt_tokens': 303, 'completion_tokens': 35, 'total_tokens': 338}"
cmpl-e69cef35-7505-4d4e-9efb-86f42c7a3fe0,text_completion,1694599421,/models/llama-2-7b-chat.bin,"[{'text': ""['Positive', 'Food'], ['Innovative recipes', 'New cuisine', 'Vegan alternatives','Healthy choices','Exotic ingredients']."", 'index': 0, 'logprobs': None, 'finish_reason': 'stop'}]","{'prompt_tokens': 365, 'completion_tokens': 38, 'total_tokens': 403}"
cmpl-ab5345b1-22fe-487e-ae0e-d78c1080780c,text_completion,1694599432,/models/llama-2-7b-chat.bin,"[{'text': "" The article provides information on a meeting between South Sudan leader Salva Kiir Mayardit and north Sudan's vice-president Ali Osman Mohamed Taha in Equatorial Guinea, where they discussed maintaining relations as South Sudan prepares to declare independence. The parties agreed to implement the Framework Agreement on new political and security arrangements in South Kordofan, and also mentioned recent violence in Abyei and South Kordofan. Overall,"", 'index': 0, 'logprobs': None, 'finish_reason': 'length'}]","{'prompt_tokens': 273, 'completion_tokens': 100, 'total_tokens': 373}"
cmpl-4801482d-6ea7-45ac-8626-18ae71c31c99,text_completion,1694599452,/models/llama-2-7b-chat.bin,"[{'text': "" ['Positive','Food', 'New Product Launches', 'Healthy Eating Habits']."", 'index': 0, 'logprobs': None, 'finish_reason': 'stop'}]","{'prompt_tokens': 290, 'completion_tokens': 23, 'total_tokens': 313}"
cmpl-045225c0-3eee-4f05-ae1f-c9a25480d5c1,text_completion,1694599460,/models/llama-2-7b-chat.bin,"[{'text': "" ['Positive', 'Food'], ['Recipe']"", 'index': 0, 'logprobs': None, 'finish_reason': 'stop'}]","{'prompt_tokens': 256, 'completion_tokens': 12, 'total_tokens': 268}"
cmpl-52c32a6a-9949-436b-84e9-db6b5f05edd4,text_completion,1694599467,/models/llama-2-7b-chat.bin,"[{'text': ' The general category of this article is not specified. The main topic within the article is ""South Sudan Independence Celebrations"".', 'index': 0, 'logprobs': None, 'finish_reason': 'stop'}]","{'prompt_tokens': 293, 'completion_tokens': 29, 'total_tokens': 322}"
cmpl-f832bb5b-e633-498c-b83a-6a02da3fa11c,text_completion,1694599478,/models/llama-2-7b-chat.bin,"[{'text': ' The sentiment of this article is Positive. The general category for this article could be ""Politics"" or ""International Relations."" The main topic discussed in this summary is that the new constitution has been passed by the parliament of the Republic of Southern Sudan.', 'index': 0, 'logprobs': None, 'finish_reason': 'stop'}]","{'prompt_tokens': 256, 'completion_tokens': 55, 'total_tokens': 311}"
cmpl-f06a84d9-c9c2-4806-a018-1facaf2c70b7,text_completion,1694599488,/models/llama-2-7b-chat.bin,"[{'text': ' [Neutral], Religion, Assistance for South Sudan, Conference on Pastoral Challenges in South Sudan, Oppressive Regimes in Africa, Rights of People', 'index': 0, 'logprobs': None, 'finish_reason': 'stop'}]","{'prompt_tokens': 365, 'completion_tokens': 38, 'total_tokens': 403}"
cmpl-d8cc96ee-590a-47e5-b43d-00b503e6041a,text_completion,1694599498,/models/llama-2-7b-chat.bin,"[{'text': "" ['Positive', 'Food', 'Recipe', 'Vegetarian', 'Gluten-free']."", 'index': 0, 'logprobs': None, 'finish_reason': 'stop'}]","{'prompt_tokens': 374, 'completion_tokens': 25, 'total_tokens': 399}"
cmpl-02d50719-c6a5-41e5-9345-e82896f9bd22,text_completion,1694599507,/models/llama-2-7b-chat.bin,"[{'text': ' [Neutral], Technology, Robotics, Automation, Jobs', 'index': 0, 'logprobs': None, 'finish_reason': 'stop'}]","{'prompt_tokens': 289, 'completion_tokens': 16, 'total_tokens': 305}"
cmpl-973c450f-00ce-4933-b1c8-c9f5f8d4815e,text_completion,1694599513,/models/llama-2-7b-chat.bin,"[{'text': ' The general category of this article can be classified under the subcategory of Politics or International Relations as it discusses the secession of South Sudan from Sudan. \nThe main topic within this category is Iranian President Mahmoud Ahmadinejad blaming the West for the secession of South Sudan, which will be formally proclaimed within a week. The tone of this sentence is negative, as it conveys a sense of criticism or', 'index': 0, 'logprobs': None, 'finish_reason': 'length'}]","{'prompt_tokens': 345, 'completion_tokens': 100, 'total_tokens': 445}"
